Year,Country Name,"Government expenditure on education, total (% of government expenditure)","Government expenditure on education, total (% of GDP)","Government expenditure per student, primary (% of GDP per capita)","Government expenditure per student, secondary (% of GDP per capita)","Government expenditure per student, tertiary (% of GDP per capita)"
2003,Argentina,14.35472012,3.535049915,10.47639,12.85688,10.37139
2003,Benin,16.68252945,2.283159971,10.00672,20.13692,122.68317
2003,Bulgaria,10.76726723,3.998450041,17.97436,19.76148,26.76978
2003,Chile,17.63722038,3.918689966,14.58796,15.48508,14.56763
2003,Cyprus,14.9054718,6.670229912,21.29908,33.95926,55.75497
2003,Czechia,10.64125443,4.117280006,11.69317,21.30214,30.4928
2003,El Salvador,14.5278883,3.134670019,10.57389,10.10743,12.43409
2003,Estonia,17.9200573,5.273099899,19.05644,26.16631,21.97225
2003,Eswatini,22.06381989,5.816770077,9.00321,38.87277,291.27902
2003,Finland,12.75793839,6.167439938,17.70462,25.99888,35.35128
2003,France,10.82018566,5.762063026,17.74476,29.88208,34.20437
2003,Hungary,13.05132294,5.792300224,21.37108,26.08295,31.07815
2003,Iceland,18.10956955,7.245079994,23.27294,20.97958,29.24665
2003,India,12.41079998,3.613409996,11.35044,20.30911,70.25823
2003,"Iran, Islamic Rep.",22.13546944,4.363220215,10.10739,10.893,29.24287
2003,Ireland,12.57019711,4.204939842,12.83365,18.51165,23.00727
2003,Israel,15.26760292,6.139949799,21.74141,18.324,26.0644
2003,Italy,9.636210442,4.541790009,24.09947,27.12478,22.40146
2003,Jamaica,13.36233997,4.256849766,12.83743,20.59758,33.01935
2003,Latvia,15.74273014,5.057149887,19.25544,22.93571,13.52347
2003,Lithuania,17.1585083,5.114180088,14.06213,19.6426,20.07651
2003,Malaysia,24.54244041,7.502880096,17.75156,25.10558,89.3199
2003,Mauritius,15.88556862,4.415830135,12.88778,17.90235,46.38897
2003,Mexico,22.47187042,5.072579861,13.82544,14.97844,39.40927
2003,Namibia,20.32821083,6.137139797,18.12045,21.71214,95.92954
2003,Norway,12.67901802,7.399330139,20.84973,31.71205,48.46343
2003,Paraguay,32.23929977,3.382760048,9.45778,10.62564,22.7239
2003,Peru,14.65830994,2.937799931,6.88294,10.38448,12.70191
2003,Philippines,14.38022041,2.935179949,11.47354,9.83623,13.7761
2003,Poland,13.36188507,5.32449007,22.79374,19.68689,19.66127
2003,Portugal,14.37635803,5.281529903,21.84028,29.5211,24.84234
2003,Romania,10.62772751,3.543970108,12.27658,13.8321,23.40972
2003,Slovak Republic,10.81871319,4.209569931,12.5474,17.10819,28.17706
2003,Slovenia,13.39265919,5.70333004,28.38557,24.32286,24.99642
2003,Spain,10.59264565,4.173429966,18.16935,23.18286,22.17697
2003,Sweden,12.58406925,6.791429996,21.81375,24.34073,42.7137
2003,Switzerland,15.30901718,5.384009838,22.68793,26.6065,59.04268
2003,Tunisia,27.68428993,6.81675005,18.56868,23.75261,60.77918
2003,United Kingdom,14.4708662,4.800980091,16.29736,25.01142,24.79769
2003,Uruguay,6.836269855,2.068209887,5.84956,6.49528,17.08454
2004,Argentina,15.13930035,3.486520052,10.00318,12.94152,10.90728
2004,Aruba,14.90291023,4.357140064,11.41266,17.7411,28.02521
2004,Belize,16.32427979,4.043340206,12.42717,19.22426,35.59453
2004,Benin,19.2139492,2.566900015,10.54721,22.61676,128.31504
2004,Brazil,10.49139977,3.974479914,12.68983,11.44409,32.36675
2004,Bulgaria,10.4770546,2.319950104,11.19144,10.2099,16.79781
2004,Burundi,9.179080009,3.74496007,13.9698,51.66644,310.89871
2004,Chad,11.03190041,1.592949986,5.554,25.08256,270.52613
2004,Chile,17.0210495,3.543070078,12.19072,13.50403,14.74927
2004,Colombia,15.41742039,4.079349995,15.77199,15.12669,20.53139
2004,Cyprus,14.94831848,6.117720127,19.8443,31.40003,47.03364
2004,Czechia,11.28056908,3.992389917,11.63192,21.12918,27.60946
2004,Denmark,12.5096941,8.207630157,24.20814,34.44315,60.92935
2004,Eritrea,5.741849899,3.148969889,5.26822,9.30658,592.34362
2004,Estonia,18.0984726,4.876749992,18.71725,24.89156,17.71677
2004,Fiji,23.74914932,6.209159851,17.37067,16.11045,62.67258
2004,Finland,12.66499901,6.157579899,17.78093,31.06666,34.62936
2004,France,10.48044205,5.549233913,17.95336,29.29764,34.27348
2004,"Hong Kong SAR, China",19.93516159,4.558959961,14.90731,20.23283,63.03684
2004,Hungary,12.08970928,5.327620029,22.89192,23.05623,23.87014
2004,Iceland,18.60569,7.161180019,23.44304,22.10474,26.34483
2004,"Iran, Islamic Rep.",21.52145004,4.296629906,10.22692,11.12458,23.43159
2004,Ireland,12.50687599,4.482960224,13.58711,20.12035,22.74967
2004,Israel,15.33865643,5.753479958,20.92211,17.86329,22.14951
2004,Italy,9.217766762,4.385200024,23.63853,25.90226,21.60069
2004,Jamaica,11.73301983,3.912549973,10.44276,18.0983,38.18464
2004,Kuwait,14.95361042,5.535069942,14.22543,16.05232,112.89651
2004,Latvia,16.41742134,4.834060192,19.35567,22.5048,11.57517
2004,Lithuania,19.18181992,5.174280167,14.67982,20.67074,19.5678
2004,Malaysia,21.01292038,5.923890114,13.96764,20.26725,68.26787
2004,Malta,13.065382,4.42151022,12.15758,17.24774,25.0676
2004,Mauritius,15.8063879,4.31306982,12.41251,17.18023,41.516
2004,Mexico,22.05382919,4.726709843,13.36951,14.02877,36.99457
2004,Norway,12.44437504,7.277440071,19.58362,29.40803,50.3261
2004,Panama,14.56826973,3.578660011,9.39577,11.95733,25.80472
2004,Paraguay,29.31039047,2.869899988,8.23651,9.31517,17.60532
2004,Peru,15.27385044,2.957870007,7.35782,10.60857,12.66781
2004,Philippines,12.75084972,2.469830036,9.0319,8.84724,12.17696
2004,Poland,13.00038433,5.355579853,22.56997,21.37206,21.2374
2004,Portugal,14.36906528,5.046380043,21.78473,32.70983,22.04932
2004,Romania,10.75338268,3.312730074,9.86897,14.68813,22.04941
2004,Slovak Republic,9.934443474,4.101570129,11.59984,16.50568,31.37897
2004,Spain,10.62866497,4.157859802,18.5236,23.213,22.15535
2004,Sweden,12.6436491,6.663109779,23.52314,31.60848,40.00729
2004,Switzerland,15.13735104,5.314290047,22.70432,25.46407,57.3849
2004,Tonga,19.09716988,3.91376996,9.667,7.45081,126.53
2004,Tunisia,27.83381081,6.720789909,19.32801,21.22075,59.33788
2004,United Kingdom,13.89933681,4.730510235,15.87519,23.79821,24.37405
2004,Uruguay,8.609239578,2.499540091,7.3601,8.44965,18.97252
2004,Post-demographic dividend,20.76635933,4.558959961,27.69601,32.23408,63.24356
2005,Argentina,15.8031702,3.860009909,10.53523,16.11186,11.70836
2005,Aruba,18.88828087,4.623690128,12.21276,17.61527,25.53799
2005,Botswana,25.8235302,10.67858982,17.22529,43.55359,262.54747
2005,Brazil,11.30280018,4.4790802,15.19637,13.00607,34.63414
2005,Bulgaria,11.27114868,4.108799934,22.20004,21.24879,22.47607
2005,Burkina Faso,19.49419022,3.941139936,33.32325,20.79333,203.87723
2005,Burundi,10.95926952,3.632159948,13.30148,51.76177,242.08341
2005,Cameroon,21.37760925,2.65651989,6.0289,33.94488,64.82092
2005,Chad,14.67282009,1.694769979,6.20604,24.75466,259.03462
2005,Chile,16.19908905,3.280169964,11.47725,12.63158,11.11074
2005,Colombia,15.53145027,4.020989895,15.40003,14.4607,19.41872
2005,Cyprus,14.40893459,6.286670208,20.69913,32.41409,52.86496
2005,Czechia,11.22870922,3.865910053,11.47255,20.9006,24.82194
2005,Denmark,12.44361305,8.085570335,24.61318,34.25592,54.10622
2005,El Salvador,14.08380985,3.177850008,9.38201,10.67232,17.51491
2005,Estonia,17.51799965,4.810269833,19.41023,23.04911,18.35466
2005,Eswatini,20.89185905,6.484620094,12.14853,34.32874,241.62206
2005,Finland,12.46187019,6.02507019,17.21847,30.83827,32.91852
2005,France,10.35512638,5.470050812,17.54639,27.22036,33.63592
2005,Ghana,23.42996025,7.42208004,21.80533,38.42101,298.91431
2005,"Hong Kong SAR, China",18.26066017,4.134630203,14.36459,19.03143,52.2215
2005,Hungary,12.14680195,5.320079803,25.0777,22.6056,23.28688
2005,Iceland,17.33946991,7.338439941,24.83495,22.04173,27.52771
2005,"Iran, Islamic Rep.",21.89969063,4.056509972,10.11221,10.68167,20.20363
2005,Ireland,12.43511677,4.518980026,13.93964,20.64926,23.4954
2005,Israel,14.9999361,5.581389904,20.75145,17.16103,21.28346
2005,Italy,9.408569336,4.238299847,21.84876,25.41326,21.07472
2005,Jamaica,14.26937008,4.616419792,13.1913,19.3919,58.35469
2005,Lithuania,18.2094574,4.878399849,15.27649,19.32105,17.39589
2005,Madagascar,18.03303909,3.309639931,11.23959,21.49602,158.34654
2005,Mauritius,16.34740639,4.078199863,10.94748,16.99654,27.54463
2005,Mexico,21.90378952,4.845689774,13.65558,14.71323,37.59587
2005,Norway,12.26065731,6.840829849,18.49543,28.10482,48.03716
2005,Oman,10.05364037,3.517210007,14.30091,12.25054,13.91475
2005,Peru,14.27851963,2.839030027,6.90613,10.05427,9.36281
2005,Philippines,12.42236042,2.328069925,8.37287,8.90511,11.19786
2005,Poland,13.7390213,5.425749779,23.53902,22.0079,21.27606
2005,Portugal,14.29343987,5.073949814,21.67935,32.41884,25.33618
2005,Romania,10.89338779,3.500390053,10.5907,15.81047,23.43859
2005,Senegal,21.77096939,4.064430237,13.02792,24.85249,167.27013
2005,Slovak Republic,9.778827667,3.759959936,14.30109,14.92814,23.41832
2005,Spain,10.40522575,4.144320011,18.70023,22.88599,22.28554
2005,Sweden,12.69904041,6.506400108,23.57448,30.73941,38.13697
2005,Switzerland,15.19173145,5.084720135,21.91685,25.36203,50.31276
2005,Tunisia,26.69569016,6.451570034,18.87208,21.87577,48.12954
2005,United Kingdom,13.38796806,4.926849842,17.01127,23.47328,29.03337
2005,Uruguay,9.470970154,2.714750051,8.33481,9.90775,17.7881
2005,Post-demographic dividend,19.93644047,4.962221146,27.316305,33.402215,53.90445
2006,Andorra,22.12785912,2.244899988,9.72882,9.91968,29.31536
2006,Argentina,15.50984001,4.128210068,11.53286,16.7607,13.07729
2006,Bangladesh,17.33653069,2.131289959,7.58248,12.55229,36.36022
2006,Bulgaria,10.72626781,3.903460026,21.58024,20.16032,21.22325
2006,Burkina Faso,18.20170021,3.982189894,29.7582,22.28991,226.02902
2006,Cabo Verde,17.54058075,6.529600143,18.31226,19.25197,74.80677
2006,Cameroon,20.31266022,2.539910078,6.43976,36.37686,43.5982
2006,Chile,16.23127937,3.040149927,10.46523,11.6756,11.07058
2006,Cyprus,14.49867535,6.330269814,22.12502,32.20445,54.32611
2006,Czechia,11.82121181,4.195509911,12.37569,21.09548,34.10426
2006,Denmark,12.42493439,7.729909897,23.94687,33.52992,52.11558
2006,Eswatini,22.70756912,6.554759979,11.88632,30.00381,244.14651
2006,Finland,12.44333553,5.928380013,17.3281,30.50341,32.03604
2006,France,10.35643482,5.475310326,17.2182,27.19799,33.76937
2006,Ghana,24.16197968,5.147940159,13.87324,30.15745,216.88525
2006,"Hong Kong SAR, China",20.04907799,3.842789888,13.52402,17.3331,50.3713
2006,Hungary,11.51811981,5.289740086,25.06628,22.7505,23.32975
2006,Iceland,17.10422134,7.195219994,25.25052,21.98723,25.35656
2006,"Iran, Islamic Rep.",19.45677948,4.289989948,14.14696,15.92368,25.69523
2006,Ireland,11.95331573,4.547420025,14.25449,21.55856,25.00394
2006,Israel,14.9114542,5.592189789,20.58486,17.25575,21.5983
2006,Italy,9.153533936,4.52545023,23.6925,26.91962,22.08651
2006,Latvia,15.36003494,4.684669971,33.63857,17.3995,14.28632
2006,Lesotho,28.95932007,11.27128029,21.37825,42.51518,1046.17915
2006,Lithuania,15.68590641,4.825729847,15.76539,19.49586,16.30627
2006,Madagascar,15.32419014,2.830970049,9.82751,15.4034,160.7926
2006,Malaysia,16.74556923,4.485760212,10.12201,13.8087,57.60349
2006,Mauritius,15.46792316,3.697510004,9.81908,16.23509,21.11129
2006,Mexico,20.82431984,4.699920177,13.44618,13.83766,35.53505
2006,Mozambique,18.55003929,3.871469975,12.47105,71.6733,253.00431
2006,Namibia,21.6029892,6.031710148,17.97126,18.47535,115.26448
2006,Niger,16.88376999,2.558520079,29.09842,46.83824,377.21895
2006,Norway,11.93960381,6.3582201,17.75926,25.36861,43.72583
2006,Peru,14.03530025,2.652810097,7.48823,10.42083,11.30361
2006,Poland,13.36202621,5.207650185,24.82351,22.87955,16.93912
2006,Portugal,14.15326118,4.907670021,20.76202,31.53999,26.77534
2006,Romania,11.61648273,4.306509972,36.22043,8.85216,22.90097
2006,Senegal,17.95463943,3.8213799,13.19144,24.26211,161.23154
2006,Slovak Republic,10.04110432,3.707700014,14.91948,14.46808,23.86542
2006,Spain,10.43703461,4.184820175,19.01719,23.46748,23.01221
2006,Sweden,12.77046394,6.364290237,23.09714,29.90281,36.87251
2006,Switzerland,15.42107201,4.841209888,20.99529,23.84324,48.16911
2006,United Kingdom,13.7800808,4.973309994,19.733,24.47537,26.05054
2006,Uruguay,9.841210365,2.8566401,8.7376,10.66985,18.58317
2006,Post-demographic dividend,19.99256897,3.842789888,23.56227,30.018585,42.313395
2007,Argentina,15.10157013,4.462600231,12.6881,17.83472,14.23457
2007,Austria,9.526359558,5.146900177,22.16889,25.40733,36.85693
2007,Bangladesh,18.15340042,2.202219963,8.79898,12.11735,31.0707
2007,Botswana,26.50778961,9.04666996,13.54782,40.62813,205.53861
2007,Brazil,13.24862957,4.974259853,16.92151,17.62629,29.00597
2007,Bulgaria,9.527602196,3.680340052,20.63391,19.53311,17.64733
2007,Burkina Faso,17.86381912,4.07983017,28.07848,29.17324,297.12571
2007,Cameroon,21.37933922,2.87816,6.82803,30.89324,46.27243
2007,Chile,16.74641037,3.233160019,11.21729,12.64539,10.79614
2007,Cyprus,14.79816532,6.280829906,23.47126,32.53328,50.54004
2007,Czechia,10.67118263,3.84717989,11.9492,20.1969,27.96386
2007,Denmark,11.98038292,7.615600109,23.82334,31.34546,52.29962
2007,El Salvador,13.75427341,3.60984993,9.51253,11.08977,16.41262
2007,Estonia,17.01323509,4.619909763,19.19181,22.93953,19.98312
2007,Finland,12.41471386,5.67125988,16.79146,29.59148,30.50613
2007,France,10.09424782,5.304528713,17.83394,26.61552,35.15927
2007,Ghana,22.31702042,5.519869804,12.88503,27.285,235.53867
2007,Guyana,11.52616024,2.391170025,8.70349,10.29979,21.90601
2007,"Hong Kong SAR, China",19.76203537,3.454550028,12.27177,15.79267,37.43397
2007,Hungary,11.05704594,5.134950161,24.70849,22.86989,23.64241
2007,Iceland,16.61261177,6.944330215,24.8153,20.5995,25.98655
2007,"Iran, Islamic Rep.",20.03128052,4.596809864,15.9579,18.76669,23.35713
2007,Ireland,12.13832664,4.715410233,15.27455,22.52579,25.42936
2007,Israel,15.39008427,5.349919796,19.782,15.95278,21.2449
2007,Italy,9.450937271,4.10503006,21.40784,23.82647,20.92153
2007,Latvia,15.93549919,4.633289814,20.95946,21.72997,14.70856
2007,Lithuania,14.13593292,4.595210075,14.89709,18.97511,16.13788
2007,Madagascar,18.04454994,2.902740002,9.33509,12.51796,143.1506
2007,Malaysia,16.12466049,4.372539997,10.8171,13.77379,47.9295
2007,Malta,12.70658684,5.947470188,19.05637,27.82559,37.47493
2007,Mexico,19.88907051,4.690509796,13.38607,13.57756,37.41202
2007,Moldova,19.07383156,8.293370247,31.61991,38.35193,38.98779
2007,Niger,17.37597084,3.014620066,33.51302,52.80296,568.63951
2007,Norway,11.63830471,6.506710052,17.85465,25.6322,45.65673
2007,Paraguay,28.67876053,2.739510059,7.20452,10.91447,17.41706
2007,Philippines,13.66701984,2.485179901,8.73217,8.8309,9.28273
2007,Poland,13.27208996,4.868740082,24.114,21.77817,16.4316
2007,Portugal,13.30881977,4.921470165,19.2106,30.14913,32.0895
2007,Romania,10.27267647,4.149539948,18.78327,15.6459,24.58628
2007,Rwanda,17.78655052,3.985140085,8.49158,29.26114,244.54516
2007,Serbia,9.976639748,4.209839821,50.20207,12.24961,33.65057
2007,Slovak Republic,10.03374958,3.523210049,15.18528,14.3347,18.98153
2007,Spain,10.38255215,4.254049778,19.04052,23.70022,24.62767
2007,Sweden,12.69897175,6.171589851,23.66173,29.01087,36.26481
2007,Switzerland,15.23476887,4.583950043,20.36261,22.80694,42.27089
2007,Syrian Arab Republic,18.92593002,4.864709854,17.94693,13.61996,43.69093
2007,Togo,18.15452003,2.583389997,8.28509,16.90265,137.07093
2007,United Kingdom,13.80715084,4.921780109,20.91308,25.57833,22.14017
2007,Post-demographic dividend,20.28927517,3.454550028,28.920965,34.651165,38.10733
2008,Argentina,15.74783993,4.844409943,13.70256,19.1992,14.98778
2008,Austria,9.722205162,5.263959885,23.15767,26.29943,35.62528
2008,Bangladesh,17.81619072,2.05456996,8.29676,11.56194,30.03398
2008,Belize,19.4965992,4.328110218,15.48145,22.04897,27.06353
2008,Brazil,13.93480968,5.268839836,18.13079,19.06857,27.01758
2008,Bulgaria,10.65262699,4.219089985,22.80496,22.67286,23.21855
2008,Cabo Verde,18.24098969,5.034649849,12.63154,15.67529,44.9278
2008,Cameroon,15.70061016,2.498270035,5.11196,24.11163,30.1412
2008,Chile,17.40113068,3.79189992,13.9227,15.10256,11.42521
2008,Colombia,13.8549099,3.938780069,12.3262,14.72197,25.89051
2008,Cyprus,15.59704685,6.722760201,25.87021,34.58471,51.44913
2008,Czechia,10.52689266,3.727190018,12.43496,20.79512,23.48651
2008,Denmark,12.11152554,7.4760499,24.10346,30.44643,50.38598
2008,Estonia,16.42277908,5.484039783,25.22305,28.77094,21.50515
2008,Finland,12.19075775,5.83010006,17.70355,30.83062,31.10585
2008,France,10.11413097,5.404079914,17.5281,27.04691,36.00706
2008,Georgia,8.878415108,2.919549942,12.99487,13.6017,10.0113
2008,Ghana,24.03750038,5.757959843,12.94008,26.73242,184.35349
2008,Guinea,15.67825985,1.581120014,4.60409,4.05917,66.07549
2008,"Hong Kong SAR, China",17.60884857,3.260629892,12.37473,14.94756,27.54043
2008,Hungary,10.86712456,4.967639923,21.41809,22.40992,24.17084
2008,Iceland,11.85544682,7.036019802,25.15501,20.51894,26.71026
2008,Indonesia,11.451334,2.901900053,11.36056,9.42407,16.9734
2008,"Iran, Islamic Rep.",22.38460922,3.913759947,13.58686,16.67108,17.01206
2008,Ireland,11.32608795,5.458280087,18.04957,26.759,31.84588
2008,Israel,15.61715698,5.424349785,19.92081,17.0867,19.91179
2008,Italy,8.963028908,4.387949944,23.09172,25.24489,23.56882
2008,Jamaica,19.11938095,6.191319942,16.43938,27.82381,44.04528
2008,Latvia,16.40171814,5.366449833,26.80057,26.16182,15.96512
2008,Lithuania,15.0595808,4.839900017,16.99215,21.28845,16.01176
2008,Madagascar,16.25814056,2.554339886,7.75504,13.59396,144.03466
2008,Mali,18.0316906,3.403559923,10.33353,34.32229,114.27258
2008,Malta,12.12974548,5.501229763,19.68954,31.51155,42.59991
2008,Mauritius,14.68518829,3.063070059,9.05857,14.28882,15.15406
2008,Mexico,17.38015938,4.82006979,13.52084,13.40078,38.40126
2008,Moldova,19.93271446,8.237270355,33.63929,31.61281,38.18395
2008,Niger,16.17733002,2.723119974,28.00896,50.94294,411.83055
2008,Norway,11.520504,6.249159813,17.57616,24.61355,45.04542
2008,Philippines,14.4419899,2.582829952,9.0567,9.19364,9.71651
2008,Poland,12.76069355,5.042399883,25.11956,22.70049,18.22712
2008,Portugal,13.27291012,4.696090221,18.97337,30.21151,25.4724
2008,Romania,11.33913136,4.097199917,18.37564,15.58671,21.8697
2008,Rwanda,15.59150982,3.502190113,7.38939,30.79338,199.86622
2008,Senegal,19.22613907,4.025680065,13.28715,19.78577,128.59092
2008,Serbia,10.39081955,4.441999912,53.22308,12.73452,37.5169
2008,Singapore,18.64857674,2.764600039,9.46673,13.99204,22.51476
2008,Slovak Republic,9.9616642,3.521650076,15.18246,14.65799,17.79834
2008,Spain,10.35980511,4.528059959,20.00129,25.37782,26.80364
2008,Sweden,12.79947948,6.344550133,24.76819,29.16087,39.06096
2008,Switzerland,15.22962379,4.757259846,18.63799,28.20173,39.80314
2008,Tunisia,25.25867081,6.271570206,17.43237,24.55746,45.76097
2008,United Kingdom,13.04262924,4.906070232,21.33528,26.49489,20.34569
2008,Post-demographic dividend,18.12871265,4.723378539,12.37473,14.94756,25.027595
2009,Antigua and Barbuda,6.928140163,2.508889914,8.05843,12.34896,15.48345
2009,Argentina,16.02066994,5.531050205,14.80287,22.23454,17.68235
2009,Austria,9.458568573,5.730249882,25.12912,29.28391,36.21659
2009,Bangladesh,14.02987003,1.939419985,7.56853,10.31646,23.88228
2009,Belize,22.05760956,4.828690052,16.09631,23.54643,29.29931
2009,Bhutan,12.84471035,4.741740227,8.72884,33.41283,81.39647
2009,Botswana,20.47739983,9.825300217,10.0503,35.86587,246.067
2009,Brazil,14.75623989,5.463550091,19.65354,20.00857,27.69676
2009,Bulgaria,10.36380005,4.274290085,22.74503,23.35568,24.07497
2009,Burundi,16.30168915,6.171949863,15.87194,44.65009,391.45639
2009,Cabo Verde,15.88654995,4.865869999,15.48596,14.01267,42.62926
2009,Cameroon,19.77979088,2.907900095,6.28029,26.14003,30.47986
2009,Central African Republic,7.841720104,1.254580021,4.33596,15.42199,118.55574
2009,Chad,9.541589737,2.311739922,9.47322,17.95653,162.18236
2009,Chile,17.0356102,4.254759789,16.12883,16.47026,12.71999
2009,Colombia,15.45088005,4.776519775,15.48542,14.98617,26.65748
2009,Cyprus,15.09335613,7.205450058,28.88672,37.3322,48.41747
2009,Czechia,10.43514729,4.14605999,15.05327,23.27179,24.27003
2009,Denmark,12.26772594,8.448880196,27.95176,31.87939,54.98638
2009,Estonia,15.28184414,5.960050106,27.1246,32.12687,25.63828
2009,Ethiopia,23.58374977,4.422070026,9.1739,22.97527,356.95402
2009,Finland,11.99967384,6.459559917,19.51865,34.36908,37.05012
2009,France,9.922377586,5.734070778,17.99072,28.70418,38.9199
2009,Ghana,22.49513054,5.317440033,11.6387,26.9648,150.87295
2009,Guyana,10.33821011,2.150579929,8.02104,9.6413,25.46028
2009,"Hong Kong SAR, China",18.1912632,4.392129898,13.48292,16.04725,54.69056
2009,Hungary,10.61416245,4.946360111,21.56424,22.1381,27.59751
2009,Iceland,14.10290718,7.189849854,24.98791,20.85266,27.58608
2009,India,11.19120026,3.278249979,7.58993,13.59323,77.55281
2009,Indonesia,16.16484261,3.525130033,13.48797,10.9866,21.05883
2009,"Iran, Islamic Rep.",18.56262016,3.842449903,12.36298,17.3807,18.22381
2009,Ireland,10.19272709,6.15610981,19.94379,28.67095,36.18447
2009,Israel,15.57397556,5.377850056,19.96577,15.9144,20.78325
2009,Italy,8.864780426,4.523719788,23.94258,25.25676,24.34607
2009,Jamaica,17.55283928,6.198480129,18.33706,23.93507,56.83809
2009,Lao PDR,7.463099957,1.654850006,4.36158,7.56247,20.85342
2009,Latvia,14.69400215,5.522659779,29.45496,30.33621,13.29023
2009,Lithuania,14.98082829,5.585239887,17.6682,25.74526,16.8635
2009,Madagascar,22.58583069,2.825129986,7.90264,11.63491,146.90817
2009,Malaysia,18.46463013,5.974180222,14.19945,21.34924,59.51631
2009,Mali,16.95940971,3.869040012,12.8986,32.30202,116.53614
2009,Mauritius,16.332798,3.047310114,8.50587,14.12152,15.55413
2009,Mexico,18.66511917,5.187940121,14.21869,15.38007,43.14149
2009,Moldova,20.74979019,9.509759903,41.71911,39.37079,45.30878
2009,Morocco,17.29528999,4.831190109,16.69886,30.66528,82.09375
2009,Niger,18.91250992,3.335880041,29.3888,58.7501,445.77468
2009,Norway,11.64663124,7.070670128,20.91804,28.30466,47.54835
2009,Oman,10.94917965,4.187739849,13.1414,15.0388,42.76602
2009,Poland,12.0212307,4.989769936,25.75358,23.74239,18.61018
2009,Portugal,13.020257,5.563149929,21.35387,37.1795,29.20305
2009,Romania,9.569327354,4.002130032,17.54821,15.63875,20.9931
2009,Serbia,10.48217964,4.483980179,54.79301,12.82325,38.4532
2009,Singapore,18.33227158,3.010129929,10.50974,15.6371,25.24015
2009,Slovak Republic,10.0805254,4.006410122,18.25192,17.8898,18.18657
2009,Spain,10.17765427,4.912000179,21.27594,27.61234,28.60976
2009,St. Lucia,13.89531994,3.067660093,12.35026,15.82782,13.13302
2009,Sweden,12.80871296,6.749710083,26.74402,31.16577,42.34718
2009,Switzerland,15.28873444,4.925610065,21.82949,26.9248,42.03798
2009,Syrian Arab Republic,19.18404961,5.130139828,17.74459,15.06868,49.40899
2009,United Kingdom,13.14845181,5.059020042,22.24086,28.43834,18.77949
2009,Post-demographic dividend,18.1912632,5.446946383,13.48292,16.04725,39.965355
2010,Argentina,15.04796982,5.019710064,13.68048,19.26875,16.12808
2010,Austria,9.693655014,5.700479984,24.90171,28.43686,34.27502
2010,Belize,22.61046982,5.267479897,18.24662,26.17363,25.7958
2010,Bermuda,12.93424034,2.306689978,11.96799,17.8416,18.44113
2010,Bhutan,10.29551983,4.12473011,7.50761,26.01151,83.74035
2010,Brazil,14.28575993,5.648799896,20.5004,20.97786,27.66643
2010,Brunei Darussalam,5.302080154,2.046610117,5.01888,7.6387,31.36628
2010,Bulgaria,9.889651299,3.857969999,21.49743,23.08243,14.73756
2010,Burkina Faso,16.17281914,3.502229929,18.11396,20.56827,226.34412
2010,Burundi,16.58810043,6.775249958,14.43146,48.60981,362.15911
2010,Chad,8.119279861,1.981940031,7.08025,15.08423,211.50163
2010,Chile,17.85330963,4.189539909,14.57257,15.21726,16.0562
2010,Colombia,15.92683029,4.83382988,15.46718,15.0084,28.90539
2010,Cyprus,15.52406216,6.525599957,30.88,36.8753,34.63859
2010,Czechia,10.58565712,4.033500195,14.86288,23.26577,21.93534
2010,Denmark,12.58372211,8.559550285,27.88253,32.50974,53.95163
2010,El Salvador,15.47114754,4.048079967,11.36629,13.05389,20.41816
2010,Estonia,16.17285538,5.517789841,24.79584,30.97741,23.18904
2010,Ethiopia,26.30404091,4.496590137,7.98136,22.79132,291.54039
2010,Finland,12.13768482,6.504449844,20.12141,34.8965,36.80425
2010,France,9.921668053,5.658596039,18.15487,28.38317,37.30938
2010,"Gambia, The",17.61123085,2.563220024,21.25962,14.01971,222.36201
2010,Guyana,11.96580982,2.409389973,7.98486,11.30234,18.18247
2010,"Hong Kong SAR, China",19.39173698,3.510030031,14.69727,17.11238,25.67837
2010,Hungary,11.23140526,4.723750114,21.93123,21.2401,24.65824
2010,Iceland,14.68791294,6.944240093,24.3018,19.40782,26.39043
2010,India,11.83368015,3.377690077,7.49038,14.1265,71.54343
2010,Indonesia,18.01392365,2.81227994,9.96239,8.28022,21.83162
2010,"Iran, Islamic Rep.",19.25691032,3.709180117,11.85865,18.10703,15.23897
2010,Israel,16.43940926,5.433909893,21.54325,15.30056,19.79111
2010,Italy,8.706913948,4.334119797,22.83465,23.94346,24.44501
2010,Jamaica,16.10293961,6.370600224,21.98013,25.0147,54.52797
2010,Lao PDR,7.246960163,1.709789991,5.41822,7.34751,14.651
2010,Latvia,13.419631,5.03881979,26.70617,27.765,15.03855
2010,Lithuania,13.969347,5.297860146,22.40099,21.47123,19.20368
2010,Malawi,12.45998001,2.432369947,5.0869,17.40599,1447.392
2010,Malaysia,18.40623093,4.966450214,12.38303,18.05817,45.47487
2010,Mali,16.50391006,3.343889952,6.30255,35.6859,128.55564
2010,Malta,13.5540514,6.250050068,23.18217,32.91001,56.31045
2010,Mauritius,15.72728825,3.551470041,10.19572,18.40825,12.44074
2010,Mexico,18.64258957,5.159220219,14.20939,15.24485,40.64967
2010,Moldova,22.43516922,7.592299938,34.51114,32.78984,37.34812
2010,Mongolia,16.81968307,4.645100117,12.40333,15.40936,5.09328
2010,Niger,19.0896492,2.721950054,21.70959,42.6507,451.90547
2010,Norway,11.58888817,6.710420132,20.7242,26.76168,43.44995
2010,Paraguay,28.1095295,2.770720005,7.94887,11.16064,14.26133
2010,Poland,12.08153534,5.107059956,26.77388,24.09019,20.43721
2010,Portugal,12.97275257,5.412489891,21.00495,34.8872,30.01118
2010,Romania,8.235834122,3.417170048,13.78714,13.88837,20.16143
2010,Rwanda,17.54805946,4.631309986,7.64487,34.49434,173.51484
2010,Senegal,24.04635048,5.217740059,16.7507,25.26933,191.35265
2010,Serbia,10.09823036,4.327809811,51.10212,12.42232,40.46815
2010,Singapore,21.02063179,3.080440044,10.86314,16.53481,25.23741
2010,Slovak Republic,10.73632717,4.044799805,21.57581,18.94678,18.56976
2010,Slovenia,12.88875008,5.545460224,30.41403,30.54208,23.85399
2010,Spain,9.938093185,4.856080055,21.0723,26.05485,27.99309
2010,Sri Lanka,8.605660439,1.66178,5.06586,7.33734,21.85289
2010,St. Lucia,14.20207977,3.482899904,14.26616,18.70998,15.31342
2010,Sweden,12.72136021,6.522689819,26.15131,30.18899,39.56612
2010,Switzerland,15.17560768,4.802100182,21.89051,26.2857,39.23296
2010,United Kingdom,13.24319553,5.687369823,24.33356,31.19587,23.64564
2010,United States,15.56168556,6.694553852,22.05341,24.28969,20.83643
2010,Post-demographic dividend,19.39173698,5.008856416,14.69727,17.11238,25.45789
2011,Afghanistan,5.146921635,3.462009907,12.21159,12.56712,96.09478
2011,Argentina,15.1585598,5.290629864,14.20816,20.64525,15.94486
2011,Austria,9.803499222,5.592269897,24.58211,29.42218,31.49534
2011,Bhutan,11.3875103,4.765230179,9.10615,30.14214,64.02609
2011,Brazil,14.85282993,5.737410069,20.12935,21.8504,27.41477
2011,Bulgaria,9.986122131,3.546979904,18.98909,20.71572,15.58112
2011,Burkina Faso,19.50061035,3.985150099,20.47988,22.74974,180.98275
2011,Burundi,14.97929955,6.319250107,14.45543,40.64224,345.65739
2011,Cabo Verde,15.15328026,4.597849846,15.70374,15.03213,35.42491
2011,Cameroon,14.8677702,2.653369904,5.27591,17.95408,35.74725
2011,Chad,10.08325958,2.2579,5.8851,21.36509,186.65421
2011,Chile,17.74757004,4.061729908,15.01703,15.16071,14.31161
2011,Colombia,14.77202988,4.466080189,14.75523,14.43288,22.7541
2011,Cyprus,14.87080097,6.520420074,32.1672,37.82297,35.54752
2011,Czechia,10.63011456,4.242090225,15.40649,23.84082,25.92255
2011,Denmark,12.08395576,8.48486042,21.68502,29.22918,50.9369
2011,Estonia,16.25656891,5.014490128,22.2866,26.74646,24.17478
2011,Ethiopia,29.67443085,5.485760212,8.91555,27.09463,341.20294
2011,Finland,11.97931862,6.445049763,20.22268,34.70223,36.27448
2011,France,9.737814903,5.482983112,17.91099,27.17835,36.36891
2011,Ghana,30.63430977,8.14097023,24.35381,26.31798,94.90392
2011,Guinea,14.25930977,2.287420034,5.4507,8.01316,100.09901
2011,Guyana,11.82289982,2.506690025,7.8071,10.41855,12.48065
2011,"Hong Kong SAR, China",17.52163124,3.418220043,14.72283,17.3341,25.43375
2011,Hungary,10.29437447,4.56317997,19.13186,20.45278,28.09955
2011,Iceland,14.07245159,6.789979935,24.88264,19.60857,22.41595
2011,India,13.56490993,3.79618001,9.0303,15.22846,60.97288
2011,"Iran, Islamic Rep.",20.15138054,3.484970093,12.31957,13.95207,17.00301
2011,Israel,16.4648304,5.45581007,22.40658,15.2685,19.16336
2011,Italy,8.25843811,4.115680218,21.51857,22.57048,24.20626
2011,Jamaica,18.58193016,6.266640186,21.56639,26.91643,49.43669
2011,Lao PDR,8.259579659,1.708019972,4.328,7.98237,18.07199
2011,Latvia,14.20993614,5.071619987,24.71599,25.83417,20.04302
2011,Lithuania,13.13148403,5.113430023,20.44285,19.26853,23.57808
2011,Madagascar,19.77969933,2.381680012,6.61123,10.27007,95.27281
2011,Malawi,15.04564953,2.853460073,5.86816,24.92814,1317.59933
2011,Malaysia,20.97702026,5.76293993,14.92751,19.1991,58.89758
2011,Mali,18.25834084,3.754230022,10.59471,26.9387,181.3255
2011,Malta,13.45118237,7.696129799,19.93646,65.04481,39.27497
2011,Mauritania,13.68274975,2.331020117,9.23671,18.63417,87.23176
2011,Mauritius,15.86886692,3.332070112,9.74477,16.02497,9.25467
2011,Mexico,18.42102051,5.105649948,14.04204,15.30209,35.91201
2011,Moldova,21.40068817,7.136380196,34.62075,31.92282,35.79604
2011,Niger,20.11651993,3.077620029,21.24614,51.05611,564.54315
2011,Norway,11.35631466,6.41490984,19.57995,25.75067,41.54993
2011,Panama,13.01972008,3.159009933,6.25014,9.18672,19.50707
2011,Poland,12.31050396,4.861020088,25.70863,23.31435,20.12839
2011,Portugal,12.24807644,5.123330116,20.76488,32.56221,26.87704
2011,Romania,10.30937481,2.913759947,11.79305,11.84421,19.57137
2011,Rwanda,15.34337997,4.383500099,6.33984,36.07236,116.61996
2011,Senegal,21.08696938,4.903029919,14.63009,21.36241,144.37938
2011,Serbia,10.1795702,4.238359928,48.06522,12.3174,39.16333
2011,Slovak Republic,10.32200146,3.898360014,19.47233,17.98288,22.08985
2011,Slovenia,12.56480694,5.541259766,30.00851,30.79892,25.80786
2011,Spain,9.69765377,4.896920204,20.95462,25.89151,27.3279
2011,Sri Lanka,9.110159874,1.742920041,5.14725,7.37514,27.04113
2011,St. Lucia,13.83675957,3.598860025,14.86161,19.16884,12.6902
2011,Sweden,12.72053337,6.366919994,25.6905,31.04577,38.42777
2011,Switzerland,15.34310436,4.856639862,23.32384,25.89147,39.66926
2011,Togo,16.90378952,3.171119928,10.67254,15.26261,71.72394
2011,Ukraine,14.6379528,5.937709808,28.1313,27.50638,37.75878
2011,United Kingdom,12.72901058,5.558959961,24.67365,29.46259,31.421
2011,United States,15.50748062,6.497683525,20.85277,23.89396,20.04063
2011,Uruguay,15.16254997,4.149370193,12.03765,14.6766,29.16904
2012,Argentina,14.51826,5.345829964,14.56387,20.75691,16.31633
2012,Aruba,20.63408089,6.34758997,18.38443,25.09578,53.10581
2012,Australia,15.35714149,4.866670132,18.14095,16.08962,19.06647
2012,Austria,9.770256996,5.480400085,21.34553,26.71204,37.06478
2012,Belize,21.23012161,5.47151041,15.03615,23.12188,23.66844
2012,Brazil,15.18190956,5.855100155,19.54553,19.66737,27.88126
2012,Bulgaria,9.660421371,3.476370096,18.88574,19.05691,15.98498
2012,Burkina Faso,15.89538002,3.603159904,17.37351,18.18041,170.6355
2012,Burundi,16.42831993,6.167779922,12.6662,32.87148,319.20286
2012,Cameroon,15.17621994,2.603060007,5.44964,17.7737,16.65096
2012,Chile,19.66609955,4.541704178,16.77241,16.45029,15.20969
2012,Colombia,15.02233982,4.370389938,14.86019,14.67586,22.61438
2012,Czechia,10.16633415,4.220709801,15.70228,24.1497,24.24582
2012,Denmark,12.03017139,7.237820148,25.61737,27.67433,41.8996
2012,Ecuador,11.67533016,4.643070221,10.71402,4.45934,43.27051
2012,El Salvador,16.00487137,3.712440014,11.52723,11.63169,10.50348
2012,Estonia,15.61931038,4.717720032,22.53824,27.10011,20.40295
2012,Ethiopia,30.53953934,5.56678009,8.44536,25.76063,339.00119
2012,Finland,11.55808258,7.148039818,20.60201,25.94711,36.01216
2012,France,9.612243652,5.456467152,17.49746,26.82868,34.06808
2012,Germany,9.517230034,4.928440094,17.32327,23.04534,39.53355
2012,Ghana,26.58139038,7.919139862,17.22794,39.08224,133.37936
2012,Guinea,9.46061039,1.833709955,5.31877,6.82725,64.45958
2012,Guyana,10.25959015,2.241319895,7.774,9.30185,13.7399
2012,"Hong Kong SAR, China",17.73590851,3.509609938,14.18967,17.11454,30.16774
2012,Hungary,9.522100449,4.142499924,18.73372,18.50098,21.15852
2012,Iceland,14.55964661,7.582230091,23.35429,17.84044,24.73664
2012,Indonesia,16.96810913,3.407480001,11.48465,10.2787,23.32807
2012,"Iran, Islamic Rep.",17.3957901,2.938999891,10.45483,13.76346,14.83633
2012,Israel,17.05217171,5.58893013,20.73424,18.16251,21.08343
2012,Italy,8.018429756,4.056019783,20.41177,22.53656,24.53473
2012,Lao PDR,7.36868,1.821470022,5.78487,7.79207,14.61925
2012,Latvia,14.74312019,6.582709789,33.09911,34.982,29.38398
2012,Lithuania,14.98808384,4.758029938,19.70147,18.51143,24.55553
2012,Luxembourg,12.15911198,3.87816,20.95312,21.60472,0.39603
2012,Madagascar,20.32579994,2.340670109,6.56652,8.40601,102.84457
2012,Malaysia,19.85116005,5.739029884,17.28464,20.8482,44.10929
2012,Malta,13.39125347,6.345429897,26.36405,40.50117,49.69013
2012,Mauritania,10.01766014,2.158210039,8.78447,19.45241,70.43038
2012,Mauritius,15.94156742,3.418200016,9.97864,18.15235,8.39031
2012,Mexico,18.08719063,5.103099823,13.90573,15.32661,36.31664
2012,Moldova,20.84347534,6.983389854,32.88183,31.59522,34.9865
2012,Mozambique,19.76724052,5.672160149,14.6371,61.07715,148.65744
2012,Niger,19.19202042,3.18682003,19.50637,47.21979,623.27731
2012,Poland,12.48447418,4.861599922,25.82864,22.38784,22.51235
2012,Romania,7.887511253,2.823220015,11.08503,12.52425,22.92328
2012,Rwanda,15.81546974,4.421030045,7.22609,32.57273,88.41959
2012,Sao Tome and Principe,13.72161961,6.339509964,18.15703,18.0547,135.53961
2012,Senegal,20.79524994,4.776989937,14.49724,18.64888,134.91446
2012,Seychelles,13.03441429,2.541049957,10.2706,9.38732,39.06209
2012,Slovak Republic,9.770545959,3.859009981,18.47706,18.4171,26.93199
2012,Slovenia,12.93512249,5.620230198,29.89206,29.50126,23.72584
2012,Spain,8.558403015,4.46931982,18.2858,21.01442,23.84988
2012,Sri Lanka,8.394029617,1.453420043,4.16777,5.99061,21.08954
2012,Sweden,12.63294601,7.536970139,22.04928,24.67428,42.38743
2012,Switzerland,15.3788662,4.898620129,26.95624,25.97821,41.6314
2012,Turkiye,12.13588142,4.387219906,13.27685,11.75159,42.71303
2012,Ukraine,14.92900562,6.442699909,32.38915,30.285,41.36357
2012,United States,15.59922123,6.253886223,20.5226,22.76782,21.89296
2012,Zimbabwe,29.7510891,6.07020998,14.01205,22.16475,166.79841
2013,Andorra,5.672309875,2.506160021,15.56091,16.375,16.79741
2013,Argentina,14.45792961,5.436610222,14.38084,21.62494,16.77133
2013,Armenia,8.749751091,2.650180101,10.98089,14.8701,6.87733
2013,Australia,15.52333736,5.229090214,18.65626,16.77557,22.28509
2013,Austria,9.733651161,5.547110081,22.85994,27.58908,36.28273
2013,Bahrain,7.458600044,2.476890087,10.47755,15.90834,21.4294
2013,Belgium,11.35172081,6.630529881,22.5828,24.52636,32.88551
2013,Belize,23.13282013,5.141980171,16.10865,21.93179,33.88048
2013,Benin,22.34122086,3.327510118,11.04903,13.80213,65.78954
2013,Brazil,15.13333035,5.838850021,19.66313,20.57305,29.81738
2013,Bulgaria,9.759604454,4.058229923,22.99728,22.18229,16.60156
2013,Burkina Faso,16.16527939,4.083439827,19.01221,15.59634,229.32942
2013,Burundi,17.24325943,5.995399952,12.92904,31.24881,308.79845
2013,Cabo Verde,14.77822971,4.561570168,14.50744,16.54934,30.98478
2013,Chile,19.67765045,4.548140049,15.78767,15.01836,17.36471
2013,Colombia,16.26272964,4.878550053,16.59328,16.23337,19.07659
2013,Comoros,16.07073021,2.382760048,8.10595,7.28925,27.62387
2013,"Congo, Dem. Rep.",16.17473984,2.062210083,7.19307,5.28871,72.92908
2013,Curacao,21.85877228,5.10559988,10.00974,22.93856,18.13375
2013,Cyprus,14.78433514,6.467470169,31.53895,38.33015,38.17135
2013,Czechia,10.6200428,4.046760082,15.33593,23.74451,21.76193
2013,Denmark,12.33083916,8.494429588,25.37714,27.91977,42.55885
2013,Ecuador,11.31392002,5.004640102,11.7664,5.08401,43.25526
2013,El Salvador,14.03022003,3.801490068,12.46292,11.50642,11.10141
2013,Estonia,15.38186264,4.843880177,25.87764,23.20386,27.77545
2013,Finland,11.20705986,7.124040127,20.71923,26.1282,35.47931
2013,France,9.598536491,5.500378132,17.71386,26.72217,33.75392
2013,Germany,9.709711075,4.935389996,17.55396,23.18698,37.25767
2013,Ghana,21.22220993,4.576469898,7.27847,19.33164,67.09234
2013,Honduras,19.86407089,5.874929905,21.43893,20.34188,52.02067
2013,"Hong Kong SAR, China",16.26137924,3.760319948,14.71088,18.66867,34.79222
2013,Hungary,9.414786339,4.189219952,22.00597,16.31046,25.40906
2013,Iceland,15.50009155,7.448689938,23.30171,18.11362,23.88149
2013,India,14.05018044,3.844670057,9.79172,16.8546,49.27271
2013,Indonesia,16.3005867,3.359040022,11.92782,9.86514,21.60243
2013,"Iran, Islamic Rep.",21.67350006,2.852790117,7.73182,17.89104,12.1726
2013,Israel,17.26696205,5.784150124,20.8717,17.82235,21.91679
2013,Italy,8.021048546,4.143670082,21.38818,22.90814,26.27299
2013,Jamaica,20.57386017,6.251080036,23.1628,30.84302,42.04212
2013,Japan,8.463807106,3.624969959,22.97133,24.73159,23.99086
2013,Lao PDR,13.34101009,3.233809948,9.9565,14.51405,21.67916
2013,Latvia,14.94031239,6.996970177,36.91353,36.94747,29.62048
2013,Lithuania,14.74607182,4.602330208,19.15043,18.30123,24.57223
2013,Malaysia,19.45430946,5.481200218,15.99801,20.06423,44.12602
2013,Mali,16.62344933,3.284650087,10.30013,24.59454,111.89054
2013,Malta,13.61619759,7.5792799,28.51388,39.16536,51.35467
2013,Mauritania,11.40542984,2.293540001,8.51612,15.27856,67.48049
2013,Mauritius,15.60850239,3.567759991,11.45965,19.19303,8.77186
2013,Mexico,16.9059906,4.696050167,14.2666,15.53822,36.90735
2013,Mozambique,19.03288078,6.115330219,14.6503,50.23933,165.60055
2013,New Zealand,16.32112694,5.888688087,19.41374,21.67271,28.08001
2013,Norway,11.05029488,7.439060211,19.93863,24.491,40.53579
2013,Pakistan,11.51397991,2.493439913,8.40863,10.87309,78.58395
2013,Poland,12.33808899,5.021240234,26.41847,22.88532,25.41659
2013,Portugal,10.97400284,5.270969868,23.85649,30.61593,25.06298
2013,Romania,7.843441963,3.068000078,10.62756,13.97064,19.26711
2013,Rwanda,16.85963058,4.742139816,6.54429,37.42272,94.92863
2013,Senegal,25.74234962,5.686560154,15.07399,20.89553,196.56276
2013,Seychelles,14.00267601,3.616770029,12.8518,12.4966,18.43209
2013,Slovak Republic,9.713875771,4.068950176,20.03757,20.10297,31.19209
2013,Slovenia,10.66393566,5.405729771,28.4376,25.82525,23.84235
2013,Spain,8.975120544,4.349619865,17.62613,18.50276,23.29205
2013,Sri Lanka,9.419949532,1.564589977,4.34115,6.2864,23.67263
2013,Sweden,12.54472065,7.611209869,22.22538,24.79329,43.45347
2013,Switzerland,15.06401539,4.913929939,26.87479,26.41812,40.54859
2013,Thailand,17.07395935,3.824398518,23.31561,17.99841,18.17357
2013,Turkiye,10.92226315,4.344810009,13.20414,11.77253,41.19523
2013,Ukraine,15.14117718,6.41989994,32.34896,30.44893,43.85232
2013,United Kingdom,12.12878227,5.526830196,23.14708,22.60496,40.20748
2013,United States,16.02462769,6.22925806,19.71867,22.58939,20.41236
2013,Zimbabwe,28.66033936,5.995979786,14.00009,22.24428,161.41752
2013,Latin America & Caribbean,16.51965332,8.576387882,19.32814,20.60727,37.02041
2013,OECD members,16.32112694,5.888688087,19.41374,21.67271,28.08001
2013,Other small states,10.30347013,3.275365114,10.47755,15.90834,21.4294
2013,Post-demographic dividend,16.42039013,4.824504018,17.06231,20.17069,28.08001
2013,Small states,10.30347013,3.275365114,10.47755,15.90834,21.4294
2014,Afghanistan,7.964570045,3.695219994,11.72219,12.03027,58.22054
2014,Andorra,12.55405045,3.074209929,13.02109,11.27472,28.97051
2014,Argentina,13.79932976,5.361440182,14.38654,21.31954,16.26738
2014,Australia,14.99418068,5.164549828,18.24146,16.54706,21.85707
2014,Austria,9.422001839,5.447619915,22.59552,27.05619,35.81112
2014,Belize,21.56307983,5.147729874,16.34612,23.80357,33.77528
2014,Benin,22.22771072,3.161789894,10.19757,13.01251,60.33975
2014,Bermuda,7.796440125,1.536880016,8.46154,12.55218,19.07085
2014,Bhutan,17.45413971,6.04489994,12.84915,33.94304,50.69012
2014,Brazil,14.99427032,5.948480129,19.45078,20.56801,28.79964
2014,Burkina Faso,19.36811066,4.053299904,20.22056,16.09687,121.19685
2014,Cabo Verde,16.28219032,4.521349907,16.47302,16.34377,33.56374
2014,Chile,19.92100906,4.751679897,14.18282,15.10182,17.21655
2014,Colombia,14.80897999,4.629459858,17.04063,16.88747,20.32313
2014,Comoros,18.89289093,2.744729996,9.75717,8.48165,24.82556
2014,Cote d'Ivoire,21.76678085,3.314169884,12.75758,27.17591,123.47373
2014,Cyprus,11.31433487,6.421110153,32.09534,37.24,32.45829
2014,Czechia,10.6447258,3.965229988,15.10781,23.53828,20.49576
2014,Denmark,12.9065752,7.634850025,25.05246,31.13589,43.12666
2014,El Salvador,15.58036518,3.824160099,13.16348,11.86216,10.92943
2014,Estonia,14.6169796,4.394330025,22.38644,23.77379,31.87478
2014,Eswatini,24.79544067,7.070590019,16.46033,28.22603,128.19209
2014,Finland,11.07443428,7.102369785,21.13702,26.07076,35.79621
2014,France,9.594199181,5.512063026,17.68894,26.78417,33.43725
2014,Germany,9.748104095,4.921020031,17.6705,23.19245,36.11148
2014,Ghana,20.98513985,4.39978981,6.44452,19.96045,55.54285
2014,Guatemala,17.1296463,2.985620022,9.51939,5.55752,19.02813
2014,Guinea,11.98950958,2.422810078,6.07708,8.24883,89.67391
2014,"Hong Kong SAR, China",17.50524902,3.572550058,14.9165,19.30654,24.59004
2014,Hungary,10.39120007,4.60187006,14.54597,23.07045,23.33577
2014,Iceland,15.1298275,7.641409874,24.10316,19.35348,23.86484
2014,Indonesia,16.45954704,3.288009882,12.27912,9.95311,19.53687
2014,"Iran, Islamic Rep.",19.66486931,2.61668992,7.74192,14.66707,12.80467
2014,Israel,17.86891174,5.704710007,20.69993,17.66172,20.93237
2014,Italy,7.942351341,4.061279774,21.20796,22.22138,26.27229
2014,Japan,8.534481049,3.551589966,22.54562,24.01273,24.36669
2014,Lao PDR,11.75734997,2.937809944,9.10321,12.53244,20.34415
2014,Latvia,15.18531513,5.281229973,27.32363,27.415,25.51264
2014,Lithuania,14.50097752,4.486579895,18.47169,18.28679,26.89075
2014,Luxembourg,11.2722311,3.855690002,19.45288,20.53711,41.11313
2014,Mali,18.22426033,3.648190022,12.23003,21.93312,152.13595
2014,Malta,13.32704258,7.004209995,27.11666,34.51957,47.10169
2014,Mauritius,16.56972885,4.815149784,13.33654,28.72759,10.81858
2014,Mexico,18.80594063,5.257470131,14.25357,15.39478,39.11807
2014,Moldova,17.5889492,6.338069916,36.5398,32.40743,32.93997
2014,New Zealand,16.40551376,5.809233189,18.17504,21.18582,26.37621
2014,Norway,11.07841969,7.644030094,19.93082,24.28563,42.40292
2014,Pakistan,11.30066013,2.465929985,8.52796,13.9479,54.50023
2014,Poland,12.39022732,4.966569901,25.9964,22.73332,26.48911
2014,Portugal,10.27315998,5.124000072,23.83291,29.07866,26.89935
2014,Romania,8.429804802,3.125080109,9.01498,16.27173,24.87677
2014,Sao Tome and Principe,12.32466984,3.749059916,11.87365,8.55706,41.93097
2014,Senegal,24.76296043,5.720210075,14.66828,24.6833,165.66626
2014,Seychelles,12.84955215,3.952470064,15.84963,16.57061,8.79479
2014,Slovak Republic,9.331773758,4.215899944,19.88464,20.95832,33.17606
2014,Slovenia,11.73853683,5.291699886,27.30189,25.09888,23.72155
2014,Spain,9.173282623,4.301509857,17.33387,18.22419,22.98794
2014,Sweden,12.83796406,7.573729992,21.88263,24.47355,43.82746
2014,Switzerland,15.25395203,4.930570126,26.41578,26.39044,40.97992
2014,Turkiye,11.8140831,4.412580013,14.60988,11.23364,38.48285
2014,Ukraine,14.08827209,5.874939919,27.03674,25.91332,37.10283
2014,United Kingdom,12.36159229,5.59841013,23.5778,22.87626,41.20273
2014,United States,16.00461388,6.129205704,19.7888,22.36455,21.16585
2014,Latin America & Caribbean,15.80173779,7.840064287,18.54029,20.17815,33.27516
2014,OECD members,16.40551376,5.809233189,18.17504,21.18582,26.37621
2014,Post-demographic dividend,16.95538139,4.690891623,16.54577,20.24618,25.483125
2015,Albania,10.44102383,3.437969923,29.84568,6.78368,12.88117
2015,Andorra,10.39249992,3.28034997,13.45657,14.38817,27.73714
2015,Argentina,13.96331024,5.776110172,15.64309,22.87436,17.24864
2015,Australia,14.84308624,5.31551981,18.78482,17.13625,21.46599
2015,Austria,9.650598526,5.456580162,23.20446,27.293,35.98491
2015,Belize,21.59255028,5.357739925,15.10773,26.00505,32.98957
2015,Benin,17.4795208,3.17298007,10.25321,11.34655,77.72193
2015,Brazil,14.47299004,6.24105978,20.05496,21.52655,33.04323
2015,British Virgin Islands,13.26398182,4.71405983,7.38379,14.06042,40.0368
2015,Burkina Faso,18.02708054,3.67008996,16.13029,17.26223,123.2152
2015,Cabo Verde,16.74822998,4.806220055,16.62463,18.65404,40.61101
2015,Chile,19.59370995,4.903900146,15.18748,16.63683,18.41495
2015,Colombia,14.29273033,4.470389843,17.41694,15.68956,19.8043
2015,Cote d'Ivoire,21.17321968,3.494129896,13.78098,24.16853,124.84419
2015,Cyprus,13.86324215,6.304910183,32.18788,39.39051,29.2699
2015,Czechia,10.49886131,5.751820087,14.94718,23.6677,20.98863
2015,Ecuador,12.42949963,4.998700142,9.43166,5.07928,52.67572
2015,El Salvador,17.21397018,3.909879923,13.55766,13.09878,10.84972
2015,Estonia,14.97884846,5.144189835,19.99539,22.25324,33.95498
2015,Finland,10.97220707,7.032080173,21.99535,25.80386,34.49292
2015,France,9.590435028,5.464240074,17.53958,26.46082,32.96949
2015,Germany,9.638143539,4.855150223,17.50845,23.00137,33.95677
2015,Greece,7.683336735,3.661390066,20.20131,23.52266,11.19976
2015,Guatemala,18.52783012,3.030329943,10.06501,5.06996,18.05949
2015,"Hong Kong SAR, China",16.78307343,3.262120008,14.85107,20.3016,23.31769
2015,Hungary,10.3242197,4.495399952,18.67208,21.17405,21.24612
2015,Iceland,15.61505795,7.457970142,22.79978,20.35202,24.7867
2015,Indonesia,16.713871,3.583600044,13.28127,10.52216,20.76979
2015,Israel,18.11240959,5.797659874,21.34266,18.64104,19.25088
2015,Italy,7.943844795,4.073629856,21.73441,22.90489,25.26641
2015,Jamaica,20.05147934,5.455210209,22.17824,28.75004,36.59035
2015,Latvia,15.2136879,5.282519817,26.76693,28.27553,27.37707
2015,Lithuania,14.43061733,4.227190018,18.59952,17.42974,24.80784
2015,Luxembourg,11.0934515,3.767920017,19.6895,19.40807,42.75533
2015,Mali,18.15549088,3.801520109,13.43451,23.14329,165.6316
2015,Malta,13.229743,5.023980141,22.83451,29.54522,44.39611
2015,Mauritania,12.84349346,2.829566002,9.59914,17.85968,92.77992
2015,Mauritius,16.47094917,4.758470058,12.51795,30.67578,11.11475
2015,Mexico,19.01874924,5.229420185,14.4207,15.20393,36.45238
2015,Netherlands,11.81862545,5.34815979,16.84558,22.73967,33.0426
2015,New Zealand,16.62387657,5.708622932,18.34146,20.84411,26.93331
2015,Niger,18.51218987,4.486690044,22.53418,65.02605,312.53591
2015,Norway,11.09468174,7.523349762,21.50107,26.35316,37.31122
2015,Pakistan,13.1872797,2.650019884,8.09756,16.02248,63.01978
2015,Poland,12.65546703,4.817009926,23.84992,22.34623,28.11992
2015,Portugal,10.54351521,4.885540009,22.50957,27.69333,26.90651
2015,Romania,8.501272202,3.106950045,8.65312,16.19413,24.0546
2015,Rwanda,12.5390501,3.647089958,5.54209,31.21191,107.95651
2015,Senegal,23.77827072,5.45637989,13.74234,20.54068,176.3571
2015,Serbia,8.87635994,3.78640008,43.65488,11.11718,33.58741
2015,Slovak Republic,9.12630558,4.578430176,21.6772,21.11401,42.08415
2015,Slovenia,11.45901203,4.909530163,24.55179,23.9989,23.84036
2015,Spain,9.414457321,4.284570217,17.27588,18.49989,22.91741
2015,St. Kitts and Nevis,8.69246006,2.549880028,5.22032,12.43709,5.84161
2015,Sweden,13.01767349,7.443900108,21.33574,23.58743,43.11866
2015,Switzerland,15.38497066,4.99559021,24.56797,24.45516,37.67913
2015,Turkiye,11.84854317,4.322199821,14.38743,11.56828,32.269
2015,Turks and Caicos Islands,14.19169998,3.093250036,15.64521,23.00828,87.56158
2015,United Kingdom,12.29491901,5.553589821,24.97949,23.05669,35.35066
2015,United States,16.05246353,4.946780205,19.76064,21.68055,21.52057
2015,OECD members,16.62387657,5.708622932,18.34146,20.84411,26.93331
2015,Post-demographic dividend,16.50666046,4.48537147,16.596265,20.572855,25.1255
2016,Andorra,7.215240002,3.237070084,12.74297,13.63639,27.08058
2016,Argentina,13.35554028,5.545489788,15.2222,21.59171,16.08373
2016,Australia,14.84867477,5.28689003,19.30184,14.98139,17.82954
2016,Austria,9.778713226,5.47961998,23.48041,27.72044,36.23652
2016,Belize,20.48530006,5.680840015,16.23127,26.1109,28.44193
2016,Brunei Darussalam,11.44194984,4.425409794,8.87354,23.64457,31.92784
2016,Cabo Verde,17.84300995,4.754759789,17.06822,19.87578,39.26181
2016,Chile,21.15559959,5.36646986,18.29521,18.48666,19.98293
2016,Colombia,14.92718983,4.477210045,17.44523,15.63588,20.69567
2016,Cote d'Ivoire,22.38759995,3.935930014,15.7917,22.82275,138.96225
2016,Cyprus,14.63431835,6.11811018,31.88086,39.29112,26.51745
2016,Czechia,9.933925629,5.553730011,13.8679,22.30415,20.34101
2016,El Salvador,16.16272926,3.825239897,16.15496,15.0163,10.8018
2016,Estonia,14.36475658,5.15763998,20.29085,21.17125,36.92339
2016,Finland,10.87608814,6.851530075,21.50883,24.75238,33.93205
2016,France,9.541593552,5.419069767,17.3647,26.28009,31.62493
2016,Germany,9.477829933,4.839230061,17.44257,22.95939,33.58129
2016,"Hong Kong SAR, China",17.04660034,3.292690039,15.024,21.33223,24.33261
2016,Hungary,10.60550213,4.615479946,19.06479,23.05651,25.40887
2016,Iceland,14.39814854,7.432199955,22.10298,19.39879,27.31457
2016,"Iran, Islamic Rep.",19.44543076,3.173969984,9.52057,16.89063,18.12099
2016,Israel,18.06420326,5.799809933,21.53058,18.65667,18.18129
2016,Japan,8.196087837,3.146430016,21.78104,24.05154,20.60904
2016,"Korea, Rep.",14.30253983,4.333099842,27.84732,28.17817,15.02377
2016,Latvia,14.79797173,4.65749979,24.50426,26.43476,17.72948
2016,Lithuania,13.96282291,4.004310131,19.49595,17.89823,17.99265
2016,Malaysia,21.34757042,4.345984459,16.12796,21.14754,25.90471
2016,Mali,13.90388012,3.094779968,9.34227,20.51885,188.86353
2016,Mauritania,9.330610275,1.944059968,10.18348,14.17252,95.78092
2016,Mauritius,16.29546356,4.882070065,14.08182,31.32815,10.53482
2016,Mexico,17.93932915,4.90681982,13.78185,14.42638,29.65754
2016,Moldova,17.66042328,5.67208004,32.54519,30.51211,31.4807
2016,Netherlands,12.08791256,5.479599953,16.66924,23.12418,35.77867
2016,New Zealand,16.47455215,5.504283905,20.32099,21.11448,25.25573
2016,Niger,15.34716034,2.958430052,16.47221,20.61046,314.50436
2016,Norway,10.96765995,7.984449863,21.70425,26.78578,39.82164
2016,Peru,17.87010002,3.813169956,11.48576,13.93289,10.37422
2016,Poland,12.07192135,4.659110069,23.08263,22.56102,25.41068
2016,Romania,9.59609127,3.025599957,7.82649,15.1606,26.09842
2016,Senegal,21.33736992,5.113090038,11.80185,11.42773,143.13554
2016,Seychelles,12.00679779,4.323289871,14.19805,15.29976,70.70674
2016,Slovak Republic,9.054621696,3.900789976,20.8158,20.08462,27.60007
2016,Slovenia,11.99892521,4.792669773,23.5703,23.0407,24.3256
2016,Spain,9.660429955,4.225440025,17.11832,18.88163,21.81691
2016,Sri Lanka,17.72875977,3.229290009,14.4145,14.07718,30.52166
2016,Sweden,13.33788776,7.618619919,21.74093,23.75742,43.24651
2016,Turkiye,11.40742683,4.627739906,12.99947,13.5129,35.28416
2016,Ukraine,13.43158436,5.00977993,26.25312,25.63448,38.53561
2016,United Kingdom,12.24540329,5.415110111,24.17334,21.18688,37.99046
2016,United States,15.97381687,4.806660175,19.85908,22.1348,19.42953
2016,Uruguay,14.71014023,4.364200115,12.39083,15.93141,25.19618
2016,OECD members,16.47455215,5.504283905,20.32099,21.11448,25.25573
2016,Post-demographic dividend,16.76057625,4.398486972,17.672495,21.223355,24.79417
2017,Albania,10.57019043,3.611720085,34.18148,7.97805,13.78559
2017,Andorra,8.977999687,3.217089891,12.72411,13.56321,23.66465
2017,Argentina,13.26391983,5.454319954,14.97726,20.6226,16.91251
2017,Belize,21.51865959,5.902510166,16.55987,27.31837,27.31742
2017,Cabo Verde,16.41258049,4.592780113,16.65962,19.66117,38.31764
2017,Chile,21.31123924,5.432789803,18.38536,18.68243,20.25927
2017,Colombia,15.46874046,4.535510063,17.84725,17.26919,20.39852
2017,Cote d'Ivoire,20.63349915,3.736540079,13.17057,20.80971,150.17056
2017,El Salvador,8.597620964,3.725229979,16.03698,15.53204,12.01038
2017,Grenada,14.04117012,3.173799992,8.17698,10.89262,5.19902
2017,"Hong Kong SAR, China",17.836483,3.309890032,14.94539,22.20254,23.04764
2017,"Iran, Islamic Rep.",20.30521011,3.459569931,11.11757,17.52858,24.15663
2017,Jordan,11.19604969,3.213059902,13.53875,17.09086,22.61967
2017,Malaysia,21.6478653,4.184885025,16.13708,22.59321,24.78556
2017,Mali,16.53433037,3.789769888,12.3362,25.49535,166.91975
2017,Mauritius,15.80997658,4.87887001,15.73389,31.95951,9.57631
2017,Moldova,17.75655556,5.710169792,32.53601,30.9975,30.62616
2017,Niger,13.21516037,2.578180075,13.30223,17.13543,275.24802
2017,Peru,18.23591995,3.931309938,11.69517,15.06599,10.88362
2017,Singapore,17.26396179,2.757536888,17.51811,21.63771,23.54145
2017,South Africa,18.88005066,5.598670006,17.6493,19.5657,46.83211
2017,Sri Lanka,14.49975967,2.593169928,11.39277,11.52081,26.60908
2017,Ukraine,14.39614487,5.417079926,30.31566,30.26498,34.46536
2017,Uruguay,14.86126041,4.417870045,12.64033,16.15909,25.38864
2017,Post-demographic dividend,16.75432587,3.309890032,16.23175,21.920125,23.294545
2018,Andorra,13.25881004,3.246720076,12.30702,13.93424,22.28547
2018,Colombia,12.83718967,4.449100018,16.98989,17.64699,21.64385
2018,El Salvador,14.78466511,3.605750084,16.10453,15.0804,11.12942
2018,"Hong Kong SAR, China",19.68011093,3.326240063,14.82783,22.03149,24.20304
2018,Jordan,9.825320244,2.954619884,13.30793,15.58689,25.32656
2018,Lesotho,14.13158989,7.283609867,20.7122,29.99591,44.69406
2018,Moldova,17.55123901,5.538879871,32.53494,31.08682,26.64596
2018,Myanmar,9.681242943,2.157480001,7.81464,10.30288,16.6916
2018,Rwanda,10.80461025,3.073750019,4.25557,21.67381,97.65851
2018,Senegal,21.54198074,4.8582201,10.90433,11.4156,131.01343
2018,South Africa,20.29368973,5.644010067,17.94111,21.375,47.9767
2018,Sri Lanka,11.33090019,1.987810016,7.91881,7.6737,31.55806
2018,St. Lucia,14.30671978,3.335779905,14.70984,22.74112,0.0
